{"cameraMode":{"drawMode":0,"name":"Shaded","section":"Shading Mode"},"sceneLighting":true,"audioPlay":false,"sceneViewState":{"m_AlwaysRefresh":false,"showFog":true,"showSkybox":true,"showFlares":true,"showImageEffects":true,"showParticleSystems":true,"showVisualEffectGraphs":true,"m_FxEnabled":true},"in2DMode":false,"pivot":{"x":0.23829109966754914,"y":0.44443732500076296,"z":-3.419241189956665},"rotation":{"x":0.2278822809457779,"y":-0.10637278854846955,"z":0.025068648159503938,"w":0.9675585031509399},"size":5.465862274169922,"orthographic":false}